{"rmse": 3.3515531014477355, "mae": 2.367294916200631, "mape": 6.60622213660843}