{"rmse": 20.716055497157107, "mae": 15.834934444610987, "mape": 16.53129341588578}