{"rmse": 11.069656384472676, "mae": 8.04055795446951, "mape": 6.495795914241826}