{"rmse": 13.907456780719603, "mae": 10.194542713335888, "mape": 15.09327336283985}