{"rmse": 24.909154482730862, "mae": 18.871743642801935, "mape": 15.171872570769098}