{"rmse": 6.517386972560242, "mae": 4.712776219612182, "mape": 6.632279431189349}