{"rmse": 14.175229520463077, "mae": 10.887902142603052, "mape": 16.263292607050644}