{"rmse": 15.334734989496921, "mae": 10.955391052559396, "mape": 15.302665249557554}