{"rmse": 25.524309132940022, "mae": 18.39382750132959, "mape": 14.599562743195365}