{"rmse": 9.968231332955812, "mae": 7.09460997218325, "mape": 14.468767936690924}