{"rmse": 25.22353532094969, "mae": 18.033475493134073, "mape": 14.355843828133318}