{"rmse": 19.662758909812588, "mae": 14.465091011074493, "mape": 14.981619144633083}